{
    "avg": {
        "wmc": 2.04999999999999982236431605997495353221893310546875,
        "ccn": 1.520000000000000017763568394002504646778106689453125,
        "bugs": 0.0200000000000000004163336342344337026588618755340576171875,
        "kanDefect": 0.179999999999999993338661852249060757458209991455078125,
        "relativeSystemComplexity": 19.6700000000000017053025658242404460906982421875,
        "relativeDataComplexity": 0.289999999999999980015985556747182272374629974365234375,
        "relativeStructuralComplexity": 19.379999999999999005240169935859739780426025390625,
        "volume": 56.3299999999999982946974341757595539093017578125,
        "commentWeight": 40.52000000000000312638803734444081783294677734375,
        "intelligentContent": 18.5799999999999982946974341757595539093017578125,
        "lcom": 0.9499999999999999555910790149937383830547332763671875,
        "instability": 0.92000000000000003996802888650563545525074005126953125,
        "afferentCoupling": 0.289999999999999980015985556747182272374629974365234375,
        "efferentCoupling": 1.6699999999999999289457264239899814128875732421875,
        "difficulty": 1.3400000000000000799360577730112709105014801025390625,
        "mi": 149.8600000000000136424205265939235687255859375,
        "distance": 0.040000000000000000832667268468867405317723751068115234375,
        "incomingCDep": 0.289999999999999980015985556747182272374629974365234375,
        "incomingPDep": 0.14000000000000001332267629550187848508358001708984375,
        "outgoingCDep": 4.13999999999999968025576890795491635799407958984375,
        "outgoingPDep": 3.140000000000000124344978758017532527446746826171875,
        "classesPerPackage": 3
    },
    "sum": {
        "loc": 542,
        "cloc": 226,
        "lloc": 316,
        "nbMethods": 32,
        "nbClasses": 21,
        "nbInterfaces": 0,
        "nbPackages": 7,
        "violations": {
            "total": 0,
            "information": 0,
            "warning": 0,
            "error": 0,
            "critical": 0
        }
    }
}