{
    "avg": {
        "wmc": 2.520000000000000017763568394002504646778106689453125,
        "ccn": 2.100000000000000088817841970012523233890533447265625,
        "bugs": 0.0200000000000000004163336342344337026588618755340576171875,
        "kanDefect": 0.2200000000000000011102230246251565404236316680908203125,
        "relativeSystemComplexity": 17.3900000000000005684341886080801486968994140625,
        "relativeDataComplexity": 0.289999999999999980015985556747182272374629974365234375,
        "relativeStructuralComplexity": 17.10000000000000142108547152020037174224853515625,
        "volume": 66.3599999999999994315658113919198513031005859375,
        "commentWeight": 39.86999999999999744204615126363933086395263671875,
        "intelligentContent": 18.660000000000000142108547152020037174224853515625,
        "lcom": 1.3300000000000000710542735760100185871124267578125,
        "instability": 0.92000000000000003996802888650563545525074005126953125,
        "afferentCoupling": 0.289999999999999980015985556747182272374629974365234375,
        "efferentCoupling": 1.6699999999999999289457264239899814128875732421875,
        "difficulty": 1.4699999999999999733546474089962430298328399658203125,
        "mi": 149,
        "distance": 0.040000000000000000832667268468867405317723751068115234375,
        "incomingCDep": 0.289999999999999980015985556747182272374629974365234375,
        "incomingPDep": 0.14000000000000001332267629550187848508358001708984375,
        "outgoingCDep": 4.13999999999999968025576890795491635799407958984375,
        "outgoingPDep": 3.140000000000000124344978758017532527446746826171875,
        "classesPerPackage": 3
    },
    "sum": {
        "loc": 543,
        "cloc": 211,
        "lloc": 332,
        "nbMethods": 30,
        "nbClasses": 21,
        "nbInterfaces": 0,
        "nbPackages": 7,
        "violations": {
            "total": 1,
            "information": 0,
            "warning": 0,
            "error": 1,
            "critical": 0
        }
    }
}