{
    "avg": {
        "wmc": 2.189999999999999946709294817992486059665679931640625,
        "ccn": 1.70999999999999996447286321199499070644378662109375,
        "bugs": 0.0200000000000000004163336342344337026588618755340576171875,
        "kanDefect": 0.200000000000000011102230246251565404236316680908203125,
        "relativeSystemComplexity": 18.480000000000000426325641456060111522674560546875,
        "relativeDataComplexity": 0.289999999999999980015985556747182272374629974365234375,
        "relativeStructuralComplexity": 18.190000000000001278976924368180334568023681640625,
        "volume": 60.72999999999999687361196265555918216705322265625,
        "commentWeight": 40.71000000000000085265128291212022304534912109375,
        "intelligentContent": 18.739999999999998436805981327779591083526611328125,
        "lcom": 0.9499999999999999555910790149937383830547332763671875,
        "instability": 0.92000000000000003996802888650563545525074005126953125,
        "afferentCoupling": 0.289999999999999980015985556747182272374629974365234375,
        "efferentCoupling": 1.6699999999999999289457264239899814128875732421875,
        "difficulty": 1.3899999999999999023003738329862244427204132080078125,
        "mi": 149.969999999999998863131622783839702606201171875,
        "distance": 0.040000000000000000832667268468867405317723751068115234375,
        "incomingCDep": 0.289999999999999980015985556747182272374629974365234375,
        "incomingPDep": 0.14000000000000001332267629550187848508358001708984375,
        "outgoingCDep": 4.13999999999999968025576890795491635799407958984375,
        "outgoingPDep": 3.140000000000000124344978758017532527446746826171875,
        "classesPerPackage": 3
    },
    "sum": {
        "loc": 558,
        "cloc": 238,
        "lloc": 320,
        "nbMethods": 31,
        "nbClasses": 21,
        "nbInterfaces": 0,
        "nbPackages": 7,
        "violations": {
            "total": 0,
            "information": 0,
            "warning": 0,
            "error": 0,
            "critical": 0
        }
    }
}